<?xml version="1.0" encoding="utf-8" standalone="no"?>
<scenario xmlns="http://www.omnigroup.com/namespace/OmniPlan/v2" xmlns:opns="http://www.omnigroup.com/namespace/OmniPlan/v2" id="i_rvi_v8Elr">
  <top-resource idref="r-1"/>
  <resource id="r-1">
    <type>Group</type>
    <schedule>
      <schedule-day day-of-week="sunday"/>
      <schedule-day day-of-week="monday">
        <time-span start-time="28800" end-time="43200"/>
        <time-span start-time="46800" end-time="61200"/>
      </schedule-day>
      <schedule-day day-of-week="tuesday">
        <time-span start-time="28800" end-time="43200"/>
        <time-span start-time="46800" end-time="61200"/>
      </schedule-day>
      <schedule-day day-of-week="wednesday">
        <time-span start-time="28800" end-time="43200"/>
        <time-span start-time="46800" end-time="61200"/>
      </schedule-day>
      <schedule-day day-of-week="thursday">
        <time-span start-time="28800" end-time="43200"/>
        <time-span start-time="46800" end-time="61200"/>
      </schedule-day>
      <schedule-day day-of-week="friday">
        <time-span start-time="28800" end-time="43200"/>
        <time-span start-time="46800" end-time="61200"/>
      </schedule-day>
      <schedule-day day-of-week="saturday"/>
      <calendar name="Time Off" editable="yes" overtime="no"/>
      <calendar name="Overtime" editable="yes" overtime="yes"/>
    </schedule>
    <child-resource idref="r2"/>
    <child-resource idref="r3"/>
  </resource>
  <resource id="r2">
    <name>Product Lead</name>
    <type>Staff</type>
    <style>
      <value key="gantt-fill-color">
        <color r="0.4" g="0.737255" b="0.796078"/>
      </value>
    </style>
  </resource>
  <resource id="r3">
    <name>Developer</name>
    <type>Staff</type>
    <style>
      <value key="gantt-fill-color">
        <color r="0.74902" g="0.74902" b="0.74902"/>
      </value>
    </style>
  </resource>
  <top-task idref="t-1"/>
  <task id="t-1">
    <type>group</type>
    <child-task idref="t2"/>
    <child-task idref="t37"/>
    <child-task idref="t47"/>
    <child-task idref="t78"/>
  </task>
  <task id="t2">
    <title>Startup Sprint</title>
    <type>group</type>
    <child-task idref="t3"/>
    <child-task idref="t4"/>
    <child-task idref="t64"/>
    <child-task idref="t59"/>
    <child-task idref="t6"/>
    <child-task idref="t60"/>
    <child-task idref="t7"/>
    <child-task idref="t61"/>
    <child-task idref="t8"/>
    <child-task idref="t62"/>
    <child-task idref="t56"/>
    <child-task idref="t63"/>
    <child-task idref="t16"/>
    <child-task idref="t17"/>
    <child-task idref="t65"/>
    <child-task idref="t57"/>
    <child-task idref="t67"/>
    <child-task idref="t58"/>
    <child-task idref="t66"/>
  </task>
  <task id="t3">
    <title>Source code repository</title>
    <leveled-start>2001-01-01T13:00:00.000Z</leveled-start>
    <effort>3600</effort>
    <assignment idref="r2"/>
  </task>
  <task id="t4">
    <title>Scaffold project-management skel</title>
    <leveled-start>2001-01-01T14:00:00.000Z</leveled-start>
    <effort>3600</effort>
    <prerequisite-task idref="t3"/>
    <assignment idref="r2"/>
  </task>
  <task id="t6">
    <title>Checklist</title>
    <type>milestone</type>
    <leveled-start>2001-01-01T14:00:00.000Z</leveled-start>
    <prerequisite-task idref="t59"/>
    <assignment idref="r2"/>
  </task>
  <task id="t7">
    <title>Agile Management Plan</title>
    <type>milestone</type>
    <leveled-start>2001-01-01T15:00:00.000Z</leveled-start>
    <prerequisite-task idref="t60"/>
    <assignment idref="r2"/>
  </task>
  <task id="t8">
    <title>Project Guide</title>
    <type>milestone</type>
    <leveled-start>2001-01-01T14:00:00.000Z</leveled-start>
    <prerequisite-task idref="t61"/>
    <assignment idref="r2"/>
  </task>
  <task id="t16">
    <title>Timeline</title>
    <type>milestone</type>
    <leveled-start>2001-01-01T15:00:00.000Z</leveled-start>
    <prerequisite-task idref="t63"/>
    <assignment idref="r2"/>
  </task>
  <task id="t17">
    <title>Create Organization View</title>
    <leveled-start>2001-01-02T17:00:00.000Z</leveled-start>
    <effort>14400</effort>
    <assignment idref="r2"/>
  </task>
  <task id="t37">
    <title>Design Sprint</title>
    <type>group</type>
    <child-task idref="t68"/>
    <child-task idref="t38"/>
    <child-task idref="t39"/>
    <child-task idref="t70"/>
    <child-task idref="t40"/>
    <child-task idref="t71"/>
    <child-task idref="t41"/>
    <child-task idref="t72"/>
    <child-task idref="t42"/>
    <child-task idref="t73"/>
    <child-task idref="t91"/>
    <child-task idref="t92"/>
    <child-task idref="t48"/>
    <child-task idref="t80"/>
    <child-task idref="t49"/>
    <child-task idref="t81"/>
    <child-task idref="t53"/>
    <child-task idref="t82"/>
    <child-task idref="t54"/>
    <child-task idref="t83"/>
    <prerequisite-task idref="t2"/>
  </task>
  <task id="t38">
    <title>Wireframes</title>
    <type>milestone</type>
    <leveled-start>2001-01-03T22:00:00.000Z</leveled-start>
    <prerequisite-task idref="t68"/>
    <assignment idref="r2"/>
  </task>
  <task id="t39">
    <title>Create Site Map</title>
    <leveled-start>2001-01-08T22:00:00.000Z</leveled-start>
    <effort>14400</effort>
    <assignment idref="r2"/>
  </task>
  <task id="t40">
    <title>Create Entity Relationship Diagram</title>
    <leveled-start>2001-01-09T17:00:00.000Z</leveled-start>
    <effort>7200</effort>
    <assignment idref="r2"/>
  </task>
  <task id="t41">
    <title>Create Process Map</title>
    <leveled-start>2001-01-09T20:00:00.000Z</leveled-start>
    <effort>28800</effort>
    <assignment idref="r2"/>
  </task>
  <task id="t42">
    <title>Create System Map</title>
    <leveled-start>2001-01-10T20:00:00.000Z</leveled-start>
    <effort>7200</effort>
    <assignment idref="r2"/>
  </task>
  <task id="t44">
    <title>Create Data Model Specification</title>
    <leveled-start>2001-01-15T13:00:00.000Z</leveled-start>
    <effort>14400</effort>
    <assignment idref="r2"/>
  </task>
  <task id="t45">
    <title>Create Functional Specification</title>
    <leveled-start>2001-01-15T17:00:00.000Z</leveled-start>
    <effort>14400</effort>
    <assignment idref="r2"/>
  </task>
  <task id="t46">
    <title>Create Technical Specification</title>
    <leveled-start>2001-01-15T22:00:00.000Z</leveled-start>
    <effort>14400</effort>
    <assignment idref="r2"/>
  </task>
  <task id="t47">
    <title>Dev Sprint 1</title>
    <type>group</type>
    <child-task idref="t79"/>
    <child-task idref="t89"/>
    <child-task idref="t44"/>
    <child-task idref="t74"/>
    <child-task idref="t45"/>
    <child-task idref="t75"/>
    <child-task idref="t46"/>
    <child-task idref="t76"/>
    <prerequisite-task idref="t37"/>
  </task>
  <task id="t48">
    <title>Revise IT Ops Installation</title>
    <leveled-start>2001-01-10T22:00:00.000Z</leveled-start>
    <effort>7200</effort>
    <assignment idref="r2"/>
  </task>
  <task id="t49">
    <title>Revise IT Ops Upgrading</title>
    <leveled-start>2001-01-11T15:00:00.000Z</leveled-start>
    <effort>7200</effort>
    <assignment idref="r2"/>
  </task>
  <task id="t50">
    <title>Admin Usage Guide</title>
    <type>milestone</type>
    <leveled-start>2001-01-12T20:00:00.000Z</leveled-start>
    <prerequisite-task idref="t86"/>
    <assignment idref="r2"/>
  </task>
  <task id="t51">
    <title>User  Guide</title>
    <type>milestone</type>
    <leveled-start>2001-01-12T20:00:00.000Z</leveled-start>
    <prerequisite-task idref="t87"/>
    <assignment idref="r2"/>
  </task>
  <task id="t53">
    <title>Perform Security Analysis</title>
    <leveled-start>2001-01-11T17:00:00.000Z</leveled-start>
    <effort>14400</effort>
    <assignment idref="r2"/>
  </task>
  <task id="t54">
    <title>Perform Hazard Analysis</title>
    <leveled-start>2001-01-11T22:00:00.000Z</leveled-start>
    <effort>28800</effort>
    <assignment idref="r2"/>
  </task>
  <task id="t56">
    <title>Charter</title>
    <type>milestone</type>
    <leveled-start>2001-01-01T17:00:00.000Z</leveled-start>
    <prerequisite-task idref="t62"/>
    <assignment idref="r2"/>
  </task>
  <task id="t57">
    <title>Perform Story Planning</title>
    <leveled-start>2001-01-02T22:00:00.000Z</leveled-start>
    <effort>28800</effort>
    <assignment idref="r2"/>
  </task>
  <task id="t58">
    <title>Initialize Team Space</title>
    <leveled-start>2001-01-04T13:00:00.000Z</leveled-start>
    <effort>57600</effort>
    <assignment idref="r2"/>
  </task>
  <task id="t59">
    <title>Revise checklist</title>
    <leveled-start>2001-01-01T15:00:00.000Z</leveled-start>
    <effort>3600</effort>
    <assignment idref="r2"/>
  </task>
  <task id="t60">
    <title>Revise Agile Management Plan</title>
    <leveled-start>2001-01-01T16:00:00.000Z</leveled-start>
    <effort>7200</effort>
    <assignment idref="r2"/>
  </task>
  <task id="t61">
    <title>Revise Project Guide</title>
    <leveled-start>2001-01-01T19:00:00.000Z</leveled-start>
    <effort>3600</effort>
    <assignment idref="r2"/>
  </task>
  <task id="t62">
    <title>Author Project Charter</title>
    <leveled-start>2001-01-01T20:00:00.000Z</leveled-start>
    <effort>14400</effort>
    <assignment idref="r2"/>
  </task>
  <task id="t63">
    <title>Revise Timeline</title>
    <leveled-start>2001-01-02T15:00:00.000Z</leveled-start>
    <effort>7200</effort>
    <assignment idref="r2"/>
  </task>
  <task id="t64">
    <title>Project Repository</title>
    <type>milestone</type>
    <leveled-start>2001-01-01T15:00:00.000Z</leveled-start>
    <style>
      <value key="gantt-fill-color">
        <color r="0.8" g="0.721569" b="0.278431"/>
      </value>
    </style>
    <prerequisite-task idref="t4"/>
    <assignment idref="r2"/>
  </task>
  <task id="t65">
    <title>Organization View</title>
    <type>milestone</type>
    <leveled-start>2001-01-01T17:00:00.000Z</leveled-start>
    <prerequisite-task idref="t17"/>
    <assignment idref="r2"/>
  </task>
  <task id="t66">
    <title>Team Space</title>
    <type>milestone</type>
    <leveled-start>2001-01-02T22:00:00.000Z</leveled-start>
    <prerequisite-task idref="t58"/>
    <assignment idref="r2"/>
  </task>
  <task id="t67">
    <title>Story Planning, Stories</title>
    <type>milestone</type>
    <leveled-start>2001-01-01T22:00:00.000Z</leveled-start>
    <prerequisite-task idref="t57"/>
    <assignment idref="r2"/>
  </task>
  <task id="t68">
    <title>Create wireframes</title>
    <leveled-start>2001-01-08T13:00:00.000Z</leveled-start>
    <effort>28800</effort>
    <assignment idref="r2"/>
  </task>
  <task id="t70">
    <title>Site Map</title>
    <type>milestone</type>
    <leveled-start>2001-01-03T17:00:00.000Z</leveled-start>
    <prerequisite-task idref="t39"/>
    <assignment idref="r2"/>
  </task>
  <task id="t71">
    <title>Entity Relationship Diagram</title>
    <type>milestone</type>
    <leveled-start>2001-01-03T15:00:00.000Z</leveled-start>
    <prerequisite-task idref="t40"/>
    <assignment idref="r2"/>
  </task>
  <task id="t72">
    <title>Process Map</title>
    <type>milestone</type>
    <leveled-start>2001-01-03T22:00:00.000Z</leveled-start>
    <prerequisite-task idref="t41"/>
    <assignment idref="r2"/>
  </task>
  <task id="t73">
    <title>System Map</title>
    <type>milestone</type>
    <leveled-start>2001-01-03T15:00:00.000Z</leveled-start>
    <prerequisite-task idref="t42"/>
    <assignment idref="r2"/>
  </task>
  <task id="t74">
    <title>Data Model Specification</title>
    <type>milestone</type>
    <leveled-start>2001-01-05T20:00:00.000Z</leveled-start>
    <prerequisite-task idref="t44"/>
    <assignment idref="r2"/>
  </task>
  <task id="t75">
    <title>Functional Specification</title>
    <type>milestone</type>
    <leveled-start>2001-01-05T20:00:00.000Z</leveled-start>
    <prerequisite-task idref="t45"/>
    <assignment idref="r2"/>
  </task>
  <task id="t76">
    <title>Technical Specification</title>
    <type>milestone</type>
    <leveled-start>2001-01-05T20:00:00.000Z</leveled-start>
    <prerequisite-task idref="t46"/>
    <assignment idref="r2"/>
  </task>
  <task id="t78">
    <title>Dev Sprint 2</title>
    <type>group</type>
    <child-task idref="t88"/>
    <child-task idref="t90"/>
    <child-task idref="t86"/>
    <child-task idref="t50"/>
    <child-task idref="t87"/>
    <child-task idref="t51"/>
    <prerequisite-task idref="t47"/>
  </task>
  <task id="t79">
    <title>Work on Stories</title>
    <leveled-start>2001-01-15T13:00:00.000Z</leveled-start>
    <effort>144000</effort>
    <assignment idref="r3"/>
  </task>
  <task id="t80">
    <title>IT Ops Installation</title>
    <type>milestone</type>
    <leveled-start>2001-01-03T15:00:00.000Z</leveled-start>
    <prerequisite-task idref="t48"/>
    <assignment idref="r2"/>
  </task>
  <task id="t81">
    <title>IT Ops Upgrading</title>
    <type>milestone</type>
    <leveled-start>2001-01-03T15:00:00.000Z</leveled-start>
    <prerequisite-task idref="t49"/>
    <assignment idref="r2"/>
  </task>
  <task id="t82">
    <title>Security</title>
    <type>milestone</type>
    <leveled-start>2001-01-03T17:00:00.000Z</leveled-start>
    <prerequisite-task idref="t53"/>
    <assignment idref="r2"/>
  </task>
  <task id="t83">
    <title>Hazards and Mitigations</title>
    <type>milestone</type>
    <leveled-start>2001-01-03T22:00:00.000Z</leveled-start>
    <prerequisite-task idref="t54"/>
    <assignment idref="r2"/>
  </task>
  <task id="t86">
    <title>Create Admin Usage Guide</title>
    <leveled-start>2001-01-22T13:00:00.000Z</leveled-start>
    <effort>14400</effort>
    <assignment idref="r2"/>
  </task>
  <task id="t87">
    <title>Create User Guide</title>
    <leveled-start>2001-01-22T17:00:00.000Z</leveled-start>
    <effort>14400</effort>
    <assignment idref="r2"/>
  </task>
  <task id="t88">
    <title>Work on Stories</title>
    <leveled-start>2001-01-22T13:00:00.000Z</leveled-start>
    <effort>144000</effort>
    <assignment idref="r3"/>
  </task>
  <task id="t89">
    <title>Release 1</title>
    <type>milestone</type>
    <leveled-start>2001-01-12T15:00:00.000Z</leveled-start>
    <prerequisite-task idref="t79"/>
    <assignment idref="r2"/>
  </task>
  <task id="t90">
    <title>Release 2</title>
    <type>milestone</type>
    <leveled-start>2001-01-19T15:00:00.000Z</leveled-start>
    <prerequisite-task idref="t88"/>
    <assignment idref="r2"/>
  </task>
  <task id="t91">
    <title>Work on Prototype</title>
    <leveled-start>2001-01-11T13:00:00.000Z</leveled-start>
    <effort>57600</effort>
    <prerequisite-task idref="t73"/>
    <assignment idref="r3"/>
  </task>
  <task id="t92">
    <title>Release 0</title>
    <type>milestone</type>
    <leveled-start>2001-01-05T15:00:00.000Z</leveled-start>
    <prerequisite-task idref="t91"/>
  </task>
  <critical-path root="-1" enabled="true" resources="false">
    <color r="1" g="0.5" b="0.5"/>
  </critical-path>
</scenario>
